take_id,type,gain,bass,mid,treble,master,output_filename,is_validation,recorded
take_00,Anchor,5.0,5.0,5.0,5.0,7.0,take_00_anchor_G5.0_B5.0_M5.0_T5.0_M7.0.wav,False,0
take_01,LHS Train,6.5,5.0,8.5,7.0,3.5,take_01_G6.5_B5.0_M8.5_T7.0_M3.5.wav,False,0
take_02,LHS Train,5.5,3.5,6.5,9.0,6.0,take_02_G5.5_B3.5_M6.5_T9.0_M6.0.wav,False,0
take_03,LHS Train,3.0,9.0,7.5,4.0,3.5,take_03_G3.0_B9.0_M7.5_T4.0_M3.5.wav,False,0
take_04,LHS Train,5.5,7.0,6.5,1.0,6.0,take_04_G5.5_B7.0_M6.5_T1.0_M6.0.wav,False,0
take_05,LHS Train,8.5,1.5,6.5,1.5,4.0,take_05_G8.5_B1.5_M6.5_T1.5_M4.0.wav,False,0
take_06,LHS Train,1.5,2.5,8.0,6.0,2.0,take_06_G1.5_B2.5_M8.0_T6.0_M2.0.wav,False,0
take_07,LHS Train,2.5,8.5,5.5,8.5,4.5,take_07_G2.5_B8.5_M5.5_T8.5_M4.5.wav,False,0
take_08,LHS Train,5.0,1.5,1.5,6.0,7.0,take_08_G5.0_B1.5_M1.5_T6.0_M7.0.wav,False,0
take_09,LHS Train,3.0,7.0,3.0,3.5,8.0,take_09_G3.0_B7.0_M3.0_T3.5_M8.0.wav,False,0
take_10,LHS Train,8.5,5.5,3.0,3.5,4.5,take_10_G8.5_B5.5_M3.0_T3.5_M4.5.wav,False,0
take_11,LHS Train,1.5,7.0,7.0,7.0,9.5,take_11_G1.5_B7.0_M7.0_T7.0_M9.5.wav,False,0
take_12,LHS Train,2.0,9.5,5.0,9.5,3.0,take_12_G2.0_B9.5_M5.0_T9.5_M3.0.wav,False,0
take_13,LHS Train,2.0,1.0,4.0,5.5,7.0,take_13_G2.0_B1.0_M4.0_T5.5_M7.0.wav,False,0
take_14,LHS Train,9.0,1.5,7.5,9.5,4.0,take_14_G9.0_B1.5_M7.5_T9.5_M4.0.wav,False,0
take_15,LHS Train,7.5,2.5,5.5,8.5,3.0,take_15_G7.5_B2.5_M5.5_T8.5_M3.0.wav,False,0
take_16,LHS Train,10.0,6.0,9.0,5.0,6.5,take_16_G10.0_B6.0_M9.0_T5.0_M6.5.wav,False,0
take_17,LHS Train,4.0,6.5,4.0,7.5,4.5,take_17_G4.0_B6.5_M4.0_T7.5_M4.5.wav,False,0
take_18,LHS Train,5.0,8.5,7.5,10.0,9.0,take_18_G5.0_B8.5_M7.5_T10.0_M9.0.wav,False,0
take_19,LHS Train,5.0,6.0,3.5,2.0,7.5,take_19_G5.0_B6.0_M3.5_T2.0_M7.5.wav,False,0
take_20,LHS Train,4.0,8.0,9.0,2.0,6.0,take_20_G4.0_B8.0_M9.0_T2.0_M6.0.wav,False,0
take_21,LHS Train,8.5,2.0,10.0,2.5,7.5,take_21_G8.5_B2.0_M10.0_T2.5_M7.5.wav,False,0
take_22,LHS Train,7.5,3.0,4.5,2.5,7.0,take_22_G7.5_B3.0_M4.5_T2.5_M7.0.wav,False,0
take_23,LHS Train,4.0,3.0,6.5,9.0,4.5,take_23_G4.0_B3.0_M6.5_T9.0_M4.5.wav,False,0
take_24,LHS Train,8.0,4.5,2.0,9.0,5.0,take_24_G8.0_B4.5_M2.0_T9.0_M5.0.wav,False,0
take_25,LHS Train,1.0,7.5,6.5,9.0,9.5,take_25_G1.0_B7.5_M6.5_T9.0_M9.5.wav,False,0
take_26,LHS Train,3.0,6.5,5.5,2.5,2.5,take_26_G3.0_B6.5_M5.5_T2.5_M2.5.wav,False,0
take_27,LHS Train,7.5,7.5,3.5,3.5,4.5,take_27_G7.5_B7.5_M3.5_T3.5_M4.5.wav,False,0
take_28,LHS Train,1.5,3.0,10.0,6.0,10.0,take_28_G1.5_B3.0_M10.0_T6.0_M10.0.wav,False,0
take_29,LHS Train,2.5,2.5,6.0,3.5,5.0,take_29_G2.5_B2.5_M6.0_T3.5_M5.0.wav,False,0
take_30,LHS Train,5.0,5.0,7.0,4.5,4.5,take_30_G5.0_B5.0_M7.0_T4.5_M4.5.wav,False,0
take_31,LHS Train,9.0,4.0,5.5,6.5,6.5,take_31_G9.0_B4.0_M5.5_T6.5_M6.5.wav,False,0
take_32,LHS Train,6.5,3.0,4.0,3.5,4.5,take_32_G6.5_B3.0_M4.0_T3.5_M4.5.wav,False,0
take_33,LHS Train,7.0,3.0,2.5,7.5,4.5,take_33_G7.0_B3.0_M2.5_T7.5_M4.5.wav,False,0
take_34,LHS Train,2.0,4.0,1.5,6.0,3.5,take_34_G2.0_B4.0_M1.5_T6.0_M3.5.wav,False,0
take_35,LHS Train,5.5,4.5,7.5,9.0,8.5,take_35_G5.5_B4.5_M7.5_T9.0_M8.5.wav,False,0
take_36,LHS Train,5.0,2.5,9.0,5.5,8.5,take_36_G5.0_B2.5_M9.0_T5.5_M8.5.wav,False,0
take_37,LHS Train,9.0,5.0,2.5,6.5,8.5,take_37_G9.0_B5.0_M2.5_T6.5_M8.5.wav,False,0
take_38,LHS Train,3.0,4.5,6.0,10.0,6.0,take_38_G3.0_B4.5_M6.0_T10.0_M6.0.wav,False,0
take_39,LHS Train,8.5,8.5,7.5,1.5,2.5,take_39_G8.5_B8.5_M7.5_T1.5_M2.5.wav,False,0
take_40,LHS Train,2.5,5.5,7.0,8.0,10.0,take_40_G2.5_B5.5_M7.0_T8.0_M10.0.wav,False,0
take_41,Holdout Val,2.0,6.0,4.0,8.0,6.0,take_41_holdout_val_G2.0_B6.0_M4.0_T8.0_M6.0.wav,True,0
take_42,Holdout Val,7.5,3.0,7.0,5.5,7.0,take_42_holdout_val_G7.5_B3.0_M7.0_T5.5_M7.0.wav,True,0
take_43,Extreme Edge,10.0,2.0,8.0,9.0,5.0,take_43_extreme_edge_G10.0_B2.0_M8.0_T9.0_M5.0.wav,False,0
take_44,Extreme Edge,8.5,9.5,1.0,4.0,6.0,take_44_extreme_edge_G8.5_B9.5_M1.0_T4.0_M6.0.wav,False,0
