filename,Depth,Presence,Master,Treble,Middle,Bass,Gain1,Gain2
amp_run_001.wav,0.450,0.500,0.500,0.500,0.500,0.500,0.500,0.500
amp_run_002.wav,0.200,0.350,0.400,0.700,0.400,0.300,0.800,0.750
amp_run_003.wav,0.750,0.600,0.350,0.400,0.650,0.800,0.300,0.400
amp_run_004.wav,0.500,0.750,0.600,0.850,0.300,0.250,0.950,0.800
amp_run_005.wav,0.300,0.400,0.550,0.550,0.700,0.500,0.600,0.650
amp_run_006.wav,0.800,0.250,0.450,0.300,0.500,0.750,0.400,0.350
amp_run_007.wav,0.600,0.800,0.700,0.600,0.450,0.400,0.750,0.900
amp_run_008.wav,0.150,0.550,0.500,0.900,0.200,0.350,0.850,0.850
amp_run_009.wav,0.400,0.300,0.650,0.450,0.800,0.600,0.250,0.300
amp_run_010.wav,0.700,0.650,0.400,0.750,0.550,0.550,0.650,0.700
amp_run_011.wav,0.250,0.450,0.550,0.350,0.350,0.700,0.550,0.550
amp_run_012.wav,0.550,0.700,0.350,0.800,0.600,0.450,0.700,0.800
amp_run_013.wav,0.850,0.150,0.600,0.500,0.400,0.850,0.350,0.450
amp_run_014.wav,0.350,0.850,0.450,0.650,0.750,0.300,0.900,0.950
amp_run_015.wav,0.650,0.500,0.750,0.400,0.500,0.650,0.450,0.500
amp_run_016.wav,0.100,0.300,0.500,0.700,0.300,0.400,0.800,0.700
amp_run_017.wav,0.500,0.600,0.400,0.550,0.650,0.500,0.600,0.600
amp_run_018.wav,0.750,0.400,0.650,0.850,0.450,0.750,0.300,0.350
amp_run_019.wav,0.300,0.750,0.350,0.300,0.550,0.350,0.750,0.850
amp_run_020.wav,0.600,0.200,0.550,0.600,0.700,0.600,0.500,0.550
amp_run_021.wav,0.800,0.550,0.450,0.750,0.250,0.800,0.850,0.900
amp_run_022.wav,0.200,0.800,0.700,0.450,0.600,0.450,0.400,0.400
amp_run_023.wav,0.450,0.350,0.500,0.800,0.400,0.550,0.650,0.750
amp_run_024.wav,0.700,0.650,0.600,0.350,0.500,0.700,0.950,0.850
amp_run_025.wav,0.350,0.450,0.400,0.650,0.850,0.300,0.200,0.300
amp_run_026.wav,0.550,0.150,0.550,0.500,0.350,0.650,0.700,0.650
amp_run_027.wav,0.850,0.700,0.350,0.700,0.600,0.500,0.550,0.600
amp_run_028.wav,0.150,0.500,0.650,0.400,0.450,0.850,0.800,0.800
amp_run_029.wav,0.400,0.850,0.450,0.850,0.700,0.400,0.350,0.450
amp_run_030.wav,0.650,0.300,0.750,0.550,0.550,0.600,0.600,0.700
amp_run_031.wav,0.250,0.600,0.500,0.300,0.200,0.750,0.900,0.900
amp_run_032.wav,0.500,0.400,0.400,0.600,0.650,0.350,0.450,0.500
amp_run_033.wav,0.750,0.750,0.600,0.750,0.400,0.550,0.750,0.800
amp_run_034.wav,0.300,0.250,0.550,0.450,0.800,0.700,0.300,0.350
amp_run_035.wav,0.600,0.550,0.350,0.800,0.500,0.450,0.650,0.650
amp_run_036.wav,0.800,0.800,0.700,0.350,0.300,0.800,0.850,0.750
amp_run_037.wav,0.200,0.150,0.450,0.650,0.750,0.500,0.500,0.600
amp_run_038.wav,0.450,0.650,0.500,0.500,0.450,0.650,0.400,0.450
amp_run_039.wav,0.700,0.350,0.650,0.700,0.600,0.300,0.950,0.950
amp_run_040.wav,0.350,0.500,0.400,0.400,0.550,0.550,0.700,0.700
amp_val_001.wav,0.500,0.500,0.500,0.500,0.500,0.500,0.500,0.500
amp_val_002.wav,0.250,0.300,0.450,0.650,0.450,0.400,0.750,0.800
amp_val_003.wav,0.700,0.600,0.550,0.450,0.600,0.700,0.400,0.450
amp_val_004.wav,0.400,0.700,0.600,0.800,0.350,0.350,0.850,0.850
amp_val_005.wav,0.600,0.400,0.400,0.550,0.700,0.600,0.300,0.350
